strategy,range,min_connections,max_connections,total_simulations,mean_delta_pct,avg_pages_up,avg_pages_down,avg_pages_neutral,source,ci_95,std_delta
High Candidates,Range_5-35,5,35,1000,1.532041491,750.464,492.16,598.376,ba_automatic,,
Low Candidates,Range_5-35,5,35,1000,1.548508636,737.234,527.64,576.126,ba_automatic,,
Mixed Candidates,Range_5-35,5,35,1000,1.592026568,696.522,576.089,568.389,ba_automatic,,
Random Candidates,Range_5-35,5,35,1000,1.435658578,1038.994,319.091,482.915,ba_automatic,,
Folder Candidates,Range_5-35,5,35,1000,1.516910702,1166.098,334.088,340.814,ba_automatic,,
High Candidates,Range_35-65,35,65,1000,2.136562192,814.664,563.387,462.949,ba_automatic,,
Low Candidates,Range_35-65,35,65,1000,2.154020563,808.773,586.36,445.867,ba_automatic,,
Mixed Candidates,Range_35-65,35,65,1000,2.197998243,781.873,618.591,440.536,ba_automatic,,
Random Candidates,Range_35-65,35,65,1000,2.042585181,1020.596,430.814,389.59,ba_automatic,,
Folder Candidates,Range_35-65,35,65,1000,2.121037209,1123.515,419.868,297.617,ba_automatic,,
High Candidates,Range_65-95,65,95,1000,2.642395948,820.762,654.379,365.859,ba_automatic,,
Low Candidates,Range_65-95,65,95,1000,2.660670974,819.897,666.579,354.524,ba_automatic,,
Mixed Candidates,Range_65-95,65,95,1000,2.705299233,798.372,692.185,350.443,ba_automatic,,
Random Candidates,Range_65-95,65,95,1000,2.551295533,967.205,545.31,328.485,ba_automatic,,
Folder Candidates,Range_65-95,65,95,1000,2.63375015,1076.578,504.48,259.942,ba_automatic,,
Random Candidates,Range_5-35,5,35,1000,1.2483787510659303,1608.0,194.0,,ba_expert,1.4064074077147046,0.1106866634756921
High Candidates,Range_5-35,5,35,1000,1.3353861537022085,1531.0,251.0,,ba_expert,5.096591762990407,0.4011104707275109
Folder Candidates,Range_5-35,5,35,1000,1.153025467241462,1447.0,344.5,,ba_expert,0.2361778867095538,0.0185876027978967
Mixed Candidates,Range_5-35,5,35,1000,1.3672406026212247,1408.0,385.5,,ba_expert,2.2790665629314426,0.1793664284659878
Low Candidates,Range_5-35,5,35,1000,1.6276249257823052,1363.5,430.0,,ba_expert,5.209323238183457,0.4099826302378815
Random Candidates,Range_35-65,35,65,1000,1.792003915766861,1744.5,84.0,,ba_expert,1.429400385653157,0.1124962500843924
High Candidates,Range_35-65,35,65,1000,1.8765021261134307,1696.0,121.5,,ba_expert,5.131089814328585,0.4038255262498939
Folder Candidates,Range_35-65,35,65,1000,1.6963501794292355,1605.5,210.5,,ba_expert,0.2135749818072435,0.0168087156029264
Mixed Candidates,Range_35-65,35,65,1000,1.9128979523094192,1614.0,210.0,,ba_expert,2.271242935003169,0.1787506955944844
Low Candidates,Range_35-65,35,65,1000,2.172865514437428,1583.0,240.5,,ba_expert,5.307115649627193,0.4176790599328429
Random Candidates,Range_65-95,65,95,1000,2.318353678806456,1789.5,40.5,,ba_expert,1.4450925964362853,0.1137312538568513
High Candidates,Range_65-95,65,95,1000,2.4005370525276386,1755.0,77.0,,ba_expert,5.168812980597771,0.4067944038220475
Folder Candidates,Range_65-95,65,95,1000,2.2211718793121373,1687.0,138.5,,ba_expert,0.2107513135304032,0.016586488090037
Mixed Candidates,Range_65-95,65,95,1000,2.438275533023627,1676.0,153.5,,ba_expert,2.285908622049624,0.1799049101967726
Low Candidates,Range_65-95,65,95,1000,2.700491447849267,1661.0,170.5,,ba_expert,5.398521717358297,0.4248728734772617
High Candidates,Range_5-35,5,35,1000,1.6160794057890566,949.243,395.808,,real_www_expert,0.0293338965098925,0.4724740056275446
Low Candidates,Range_5-35,5,35,1000,1.8926131648337488,628.4,824.365,,real_www_expert,0.0289593985398662,0.4664420570271255
Mixed Candidates,Range_5-35,5,35,1000,1.6441963181614263,710.689,645.952,,real_www_expert,0.0205376159065099,0.3307944326494888
Random Candidates,Range_5-35,5,35,1000,1.5540443284251018,1103.69,280.155,,real_www_expert,0.0187309185722624,0.3016943938537347
Folder Candidates,Range_5-35,5,35,1000,1.436244058933064,1097.34,411.902,,real_www_expert,0.0173852395920778,0.2800198666444985
High Candidates,Range_35-65,35,65,1000,2.2076197517351765,957.3,487.148,,real_www_expert,0.03379357782971,0.5443050184725625
Low Candidates,Range_35-65,35,65,1000,2.487642705472028,689.493,836.867,,real_www_expert,0.033651375398448,0.5420145981635636
Mixed Candidates,Range_35-65,35,65,1000,2.2355507726889496,773.63,678.355,,real_www_expert,0.0262013636755958,0.4220190537775299
Random Candidates,Range_35-65,35,65,1000,2.147133421081944,1063.83,403.201,,real_www_expert,0.0249003691393634,0.4010642481441901
Folder Candidates,Range_35-65,35,65,1000,2.026891892241435,1073.769,483.104,,real_www_expert,0.023670488076782,0.3812548501023273
High Candidates,Range_65-95,65,95,1000,2.7630895655580825,958.999,548.656,,real_www_expert,0.0386553274080829,0.6226120479146693
Low Candidates,Range_65-95,65,95,1000,3.048298148055784,737.259,841.267,,real_www_expert,0.0386744566135835,0.6229201574201456
Mixed Candidates,Range_65-95,65,95,1000,2.7939516643237807,811.183,707.899,,real_www_expert,0.0319549771773999,0.5146911206171099
Random Candidates,Range_65-95,65,95,1000,2.704611176584458,1040.669,485.491,,real_www_expert,0.0308976972268812,0.4976617671139771
Folder Candidates,Range_65-95,65,95,1000,2.583280392482921,1058.949,535.584,,real_www_expert,0.0299739743564237,0.4827835853304005
Mixed Candidates,Range_35-65,35,65,1000,2.198,781.9,618.6,440.4999999999999,real_www_automatic,,
Low Candidates,Range_35-65,35,65,1000,2.154,808.8,586.4,445.80000000000007,real_www_automatic,,
High Candidates,Range_35-65,35,65,1000,2.1366,814.7,563.4,462.9,real_www_automatic,,
Folder Candidates,Range_35-65,35,65,1000,2.121,1123.5,419.9,297.6,real_www_automatic,,
Random Candidates,Range_35-65,35,65,1000,2.0426,1020.6,430.8,389.6,real_www_automatic,,
Mixed Candidates,Range_5-35,5,35,1000,1.592,696.5,576.1,568.4,real_www_automatic,,
Low Candidates,Range_5-35,5,35,1000,1.5485,737.2,527.6,576.1999999999999,real_www_automatic,,
High Candidates,Range_5-35,5,35,1000,1.532,750.5,492.2,598.3,real_www_automatic,,
Folder Candidates,Range_5-35,5,35,1000,1.5169,1166.1,334.1,340.80000000000007,real_www_automatic,,
Random Candidates,Range_5-35,5,35,1000,1.4357,1039.0,319.1,482.9,real_www_automatic,,
Mixed Candidates,Range_65-95,65,95,1000,2.7053,798.4,692.2,350.39999999999986,real_www_automatic,,
Low Candidates,Range_65-95,65,95,1000,2.6607,819.9,666.6,354.5,real_www_automatic,,
High Candidates,Range_65-95,65,95,1000,2.6424,820.8,654.4,365.80000000000007,real_www_automatic,,
Folder Candidates,Range_65-95,65,95,1000,2.6338,1076.6,504.5,259.9000000000001,real_www_automatic,,
Random Candidates,Range_65-95,65,95,1000,2.5513,967.2,545.3,328.5,real_www_automatic,,
